Che dinosauro e' questo?,Tyrannosaurus rex,Stegosaurus,Triceratops,Velociraptor,Tyrannosaurus rex
Che dinosauro e' questo?,Brachiosaurus,Allosaurus,Spinosaurus,Parasaurolophus,Brachiosaurus
Che dinosauro e' questo?,Diplodocus,Iguanodon,Pachycephalosaurus,Carnotaurus,Iguanodon
Che dinosauro e' questo?,Deinonychus,Archaeopteryx,Microraptor,Styracosaurus,Microraptor
Che dinosauro e' questo?,Edmontosaurus,Pteranodon,Brontosaurus,Trachodon,Edmontosaurus
Che dinosauro e' questo?,Therizinosaurus,Gallimimus,Coelophysis,Oviraptor,Therizinosaurus
Che dinosauro e' questo?,Plateosaurus,Dimetrodon,Ouranosaurus,Amargasaurus,Amargasaurus
Che dinosauro e' questo?,Ceratosaurus,Corythosaurus,Dilophosaurus,Troodon,Ceratosaurus
Che dinosauro e' questo?,Maiasaura,Herrerasaurus,Camarasaurus,Thescelosaurus,Herrerasaurus
Che dinosauro e' questo?,Dryosaurus,Acrocanthosaurus,Triceratops,Velociraptor,Triceratops
Che dinosauro e' questo?,Brachiosaurus,Allosaurus,Spinosaurus,Parasaurolophus,Spinosaurus
Che dinosauro e' questo?,Diplodocus,Iguanodon,Pachycephalosaurus,Carnotaurus,Pachycephalosaurus
Che dinosauro e' questo?,Deinonychus,Archaeopteryx,Microraptor,Styracosaurus,Deinonychus
Che dinosauro e' questo?,Edmontosaurus,Pteranodon,Brontosaurus,Trachodon,Pteranodon
Che dinosauro e' questo?,Therizinosaurus,Gallimimus,Coelophysis,Oviraptor,Gallimimus
Che dinosauro e' questo?,Plateosaurus,Dimetrodon,Ouranosaurus,Amargasaurus,Ouranosaurus
Che dinosauro e' questo?,Ceratosaurus,Corythosaurus,Dilophosaurus,Troodon,Dilophosaurus
Che dinosauro e' questo?,Maiasaura,Herrerasaurus,Camarasaurus,Thescelosaurus,Maiasaura
Che dinosauro e' questo?,Dryosaurus,Acrocanthosaurus,Triceratops,Velociraptor,Acrocanthosaurus
Che dinosauro e' questo?,Brachiosaurus,Allosaurus,Spinosaurus,Parasaurolophus,Parasaurolophus
Che dinosauro e' questo?,Diplodocus,Iguanodon,Pachycephalosaurus,Carnotaurus,Carnotaurus
Che dinosauro e' questo?,Deinonychus,Archaeopteryx,Microraptor,Styracosaurus,Styracosaurus
Che dinosauro e' questo?,Edmontosaurus,Pteranodon,Brontosaurus,Trachodon,Trachodon
Che dinosauro e' questo?,Therizinosaurus,Gallimimus,Coelophysis,Oviraptor,Oviraptor
Che dinosauro e' questo?,Stegosaurus,Gallimimus,Coelophysis,Oviraptor,Stegosaurus
